text,label,label_name,text_length
সত্যটা বের হোক এটাই চাই।আর উপযুক্ত শাস্তি যেন হয়।,0,Non-Violence,49
এই ঘটনায় যারা মারা গেছে তাদের কি হবে তাদের পরিবারকে ক্ষতিপূরণ কে দিবে সেটা কি একবারও ভেবে ভেবেছে কেও,0,Non-Violence,101
"কোথায় সেই মানবাধিকার কর্মীরা যারা কয়েকদিন আগে মানবাধিকারের বুলি উড়িয়ে ছিলো, জাতি তাদের দেখতে চায়",0,Non-Violence,97
নাস্তিকদেরকে হত্যা করে ফাঁসি মঞ্চে হেসে যাওয়াটা সবার কপালে যুটে না।,1,Passive Violence,68
ঢাকা কলেজ কে ধন্যবাদ দোকান দারদের উচিত শিক্ষা দেওয়ার জন্য,1,Passive Violence,57
টাকলু র দায় সব কিছু,1,Passive Violence,19
মুসলিম জঙ্গিদের হাতিয়ার আল্লাহাকবর ! মুস্লিম্ন রা ভিক্ষা করতে আর জঙ্গিরা মানুষের গলা কাটতে এই শব্দের ব্যবহার করে ! ভারতের উচিত এই সকল জঙ্গিদের পাকিস্তান বা আফগান পাঠিয়ে দেওয়া ! বিশ্বের সবচে বড় গণতান্ত্রিক দেশে কি করে কিছু জঙ্গি এখনো টিকে থাকে সেটাই প্রশ্ন !,2,Direct Violence,257
এমন রায় কখন সহিংসতা প্রতিরোধ করতে পারেনা। বরং মুক্ত চিন্তাশিলদের কোন ধর্ম কে পুজি করে কথা না বলার আইন পাশ করা হোক।,2,Direct Violence,114
আজ মন থেকে অভিশাপ করছি আল্লাহ তুমি এরকম সাংবাদিক এবং নাফরমান নেতাদের হয় হেদায়েত দাও নয়ত ধ্বংস করে দাও,2,Direct Violence,101
